hashtags.keyword_infosec,1397.0
hashtags.keyword_cybersecurity,567.0
hashtags.keyword_security,440.0
hashtags.keyword_hacking,365.0
hashtags.keyword_securityaffairs,323.0
hashtags.keyword_InfoSec,279.0
hashtags.keyword_CVE,198.0
hashtags.keyword_0day,160.0
hashtags.keyword_Linux,120.0
hashtags.keyword_Flash,112.0
hashtags.keyword_CyberSecurity,102.0
hashtags.keyword_Exploit,101.0
hashtags.keyword_linux,95.0
hashtags.keyword_exploit,87.0
hashtags.keyword_vuln,82.0
hashtags.keyword_Vulnerability,68.0
hashtags.keyword_Adobe,67.0
hashtags.keyword_kernel,63.0
hashtags.keyword_CISCO,49.0
hashtags.keyword_Infosec,48.0
hashtags.keyword_Android,46.0
hashtags.keyword_Microsoft,46.0
hashtags.keyword_MySQL,45.0
hashtags.keyword_cloudcomputing,45.0
hashtags.keyword_exploits,42.0
hashtags.keyword_pentest,42.0
hashtags.keyword_vulnerability,42.0
hashtags.keyword_ExploitDev,41.0
hashtags.keyword_Vuln,39.0
hashtags.keyword_svchost,38.0
hashtags.keyword_RCE,37.0
hashtags.keyword_DFIR,36.0
hashtags.keyword_Hacking,34.0
hashtags.keyword_Samba,34.0
hashtags.keyword_Security,34.0
hashtags.keyword_sysadmin,34.0
hashtags.keyword_0daytoday,32.0
hashtags.keyword_exploitdev,30.0
hashtags.keyword_APT,29.0
hashtags.keyword_flaw,29.0
hashtags.keyword_malware,29.0
hashtags.keyword_Cisco,24.0
hashtags.keyword_Java,24.0
hashtags.keyword_SCADA,24.0
hashtags.keyword_Shifu,24.0
hashtags.keyword_cve,24.0
hashtags.keyword_Cybersecurity,23.0
hashtags.keyword_PenTest,22.0
hashtags.keyword_Pentesting,22.0
hashtags.keyword_SecurityAffairs,22.0
