hashtags_[],1755.0
hashtags_[u'DDoS'],130.0
hashtags_[u'infosec'],52.0
"hashtags_[u'IoT', u'DDoS']",45.0
hashtags_[u'IoT'],43.0
hashtags_[u'cybersecurity'],32.0
hashtags_[u'security'],27.0
"hashtags_[u'DDoS', u'Ixiacom', u'IoT']",23.0
"hashtags_[u'cybersecurity', u'infosec']",21.0
"hashtags_[u'IoT', u'malware']",20.0
"hashtags_[u'IoT', u'DDoS', u'Ixiacom']",19.0
hashtags_[u'opJustina'],19.0
"hashtags_[u'cyber', u'Ixiacom', u'Infosec']",18.0
hashtags_[u'InfoSec'],16.0
"hashtags_[u'IoT', u'iamintel']",16.0
"hashtags_[u'DDoS', u'IoT']",12.0
"hashtags_[u'IoT', u'Cybersecurity']",11.0
"hashtags_[u'infosec', u'cybersecurity']",11.0
"hashtags_[u'DDoS', u'cybersecurity']",10.0
hashtags_[u'Odinaff'],9.0
hashtags_[u'Security'],9.0
hashtags_[u'ransomware'],9.0
hashtags_[u'tech'],9.0
hashtags_[u'CyberSecurity'],8.0
hashtags_[u'Cybersecurity'],8.0
hashtags_[u'DDOS'],8.0
hashtags_[u'cyber'],8.0
hashtags_[u'ddos'],8.0
hashtags_[u'Anonymous'],7.0
"hashtags_[u'DDoS', u'security']",7.0
"hashtags_[u'Dyn', u'DDoS']",7.0
"hashtags_[u'InfoSec', u'cyber']",6.0
hashtags_[u'Ransomware'],6.0
"hashtags_[u'security', u'infosec']",6.0
hashtags_[u'CensusFail'],5.0
"hashtags_[u'DDoS', u'Attacks']",5.0
"hashtags_[u'Gaming', u'DDoS']",5.0
hashtags_[u'Infosec'],5.0
hashtags_[u'Tech'],5.0
"hashtags_[u'security', u'hacking']",5.0
"hashtags_[u'DDoS', u'attacks']",4.0
"hashtags_[u'DDoS', u'infosec']",4.0
hashtags_[u'HomelandSecurity'],4.0
"hashtags_[u'Ixiacom', u'Infosec']",4.0
"hashtags_[u'Mirai', u'IoT', u'DDoS']",4.0
"hashtags_[u'Tech', u'News']",4.0
hashtags_[u'TechCrunch'],4.0
hashtags_[u'Website'],4.0
hashtags_[u'bitcoin'],4.0
hashtags_[u'cyberespionage'],4.0
