hashtags_[],541.0
hashtags_[u'DDoS'],31.0
"hashtags_[u'IoT', u'DDoS']",12.0
"hashtags_[u'DDoS', u'Ixiacom', u'IoT']",8.0
hashtags_[u'IoT'],8.0
hashtags_[u'infosec'],7.0
hashtags_[u'security'],7.0
hashtags_[u'InfoSec'],5.0
hashtags_[u'WIRED'],5.0
hashtags_[u'CensusFail'],4.0
hashtags_[u'opJustina'],4.0
hashtags_[u'DDOS'],3.0
"hashtags_[u'DDoS', u'cybersecurity']",3.0
hashtags_[u'CrunchReport'],2.0
"hashtags_[u'DDoS', u'Twitter', u'cybersecurity']",2.0
"hashtags_[u'Dyn', u'DDoS']",2.0
"hashtags_[u'Hacker', u'IoT', u'Botnet', u'DDoS', u'Darknet', u'cybercrime', u'infosec', u'cybersecurity', u'cyberattack']",2.0
hashtags_[u'IOT'],2.0
"hashtags_[u'InfoSec', u'CyberNews']",2.0
"hashtags_[u'IoT', u'Cybersecurity']",2.0
"hashtags_[u'IoTSecurity', u'IoT', u'Security']",2.0
hashtags_[u'Odinaff'],2.0
hashtags_[u'RobertAlai'],2.0
hashtags_[u'Sony'],2.0
"hashtags_[u'analytics', u'website', u'clickcounter']",2.0
"hashtags_[u'android', u'app', u'iphone', u'ipad']",2.0
hashtags_[u'ccureit'],2.0
"hashtags_[u'cyber', u'Cyberaware', u'infosec']",2.0
hashtags_[u'cybersecurity'],2.0
hashtags_[u'ddos'],2.0
"hashtags_[u'infosec', u'cybersecurity', u'hacking']",2.0
"hashtags_[u'infosec', u'cybersecurity']",2.0
"hashtags_[u'infosec', u'security']",2.0
hashtags_[u'news'],2.0
hashtags_[u'tech'],2.0
hashtags_[u'technews'],2.0
hashtags_[u'ABC'],1.0
"hashtags_[u'Akamai', u'Atlantic_Foundation', u'CCTV']",1.0
hashtags_[u'Anonymous'],1.0
hashtags_[u'Attacks'],1.0
"hashtags_[u'BrandTLDs', u'IoT', u'M2M']",1.0
hashtags_[u'Breaking'],1.0
"hashtags_[u'CCLKOW', u'unCyber']",1.0
"hashtags_[u'CensusFail', u'D']",1.0
"hashtags_[u'CensusFail', u'HAN']",1.0
hashtags_[u'CloudStorage'],1.0
"hashtags_[u'Column', u'DDoSattacks', u'dyn', u'Netflix', u'techcrunch']",1.0
hashtags_[u'ConnectedITChat'],1.0
"hashtags_[u'CriticalInfrastructure', u'IoT', u'ApplicationlayerDDoS']",1.0
hashtags_[u'CrookedHillary'],1.0
